{"cameraMode":{"drawMode":0,"name":"Shaded","section":"Shading Mode"},"sceneLighting":false,"audioPlay":false,"sceneViewState":{"m_AlwaysRefresh":false,"showFog":true,"showSkybox":false,"showFlares":true,"showImageEffects":true,"showParticleSystems":true,"showVisualEffectGraphs":true,"m_FxEnabled":true},"in2DMode":false,"pivot":{"x":7.886175155639648,"y":-7.230029582977295,"z":0.5365486145019531},"rotation":{"x":-0.2336227297782898,"y":0.007873228751122952,"z":-0.0018917088164016605,"w":-0.9722942113876343},"size":34.999332427978519,"orthographic":true}